{
  "schemaVersion": 1,
  "id": "immersive_portals",
  "version": "0.102",
  "name": "Immersive Portals",
  "description": "See through portals and travel between dimensions seamlessly.",
  "authors": [
    "qouteall"
  ],
  "contact": {
    "homepage": "https://qouteall.fun/immptl",
    "sources": "https://github.com/qouteall/ImmersivePortalsMod",
    "issues": "https://github.com/qouteall/ImmersivePortalsMod/issues"
  },
  "license": "Apache License",
  "icon": "assets/immersive_portals/icon.png",
  "environment": "*",
  "entrypoints": {
    "main": [
      "com.qouteall.hiding_in_the_bushes.PeripheralModEntry"
    ],
    "client": [
      "com.qouteall.hiding_in_the_bushes.PeripheralModEntryClient"
    ],
    "modmenu": [
      "com.qouteall.hiding_in_the_bushes.ModMenuConfigEntry"
    ]
  },
  "mixins": [
    "imm_ptl_peripheral.mixins.json",
    "imm_ptl_peripheral_fabric.mixins.json"
  ],
  "depends": {
    "fabricloader": "\u003e\u003d0.7.4",
    "fabric": "\u003e\u003d0.28.1"
  },
  "suggests": {
    "flamingo": "*"
  },
  "custom": {
    "fabric-renderer-indigo:force_compatibility": true,
    "mm:early_risers": [],
    "lithium:options": {
      "mixin.world.player_chunk_tick": false
    }
  },
  "accessWidener": "imm_ptl_peripheral.accesswidener",
  "jars": [
    {
      "file": "META-INF/jars/imm_ptl_core-0.102-mc1.16.5-fabric.jar"
    },
    {
      "file": "META-INF/jars/cloth-config-fabric-4.11.15.jar"
    },
    {
      "file": "META-INF/jars/modmenu-1.16.8.jar"
    }
  ]
}