{
  "mappings": {
    "com/qouteall/imm_ptl_peripheral/mixin/common/portal_generation/MixinFlintAndSteelItem": {
      "useOnBlock": "Lnet/minecraft/class_1786;method_7884(Lnet/minecraft/class_1838;)Lnet/minecraft/class_1269;"
    },
    "com/qouteall/imm_ptl_peripheral/mixin/common/alternate_dimension/MixinDimensionType": {
      "addRegistryDefaults": "Lnet/minecraft/class_2874;method_28523(Lnet/minecraft/class_5455$class_5457;)Lnet/minecraft/class_5455$class_5457;",
      "<init>": "<init>"
    },
    "com/qouteall/hiding_in_the_bushes/mixin/block_manipulation/MixinItem": {
      "raycast": "Lnet/minecraft/class_1792;method_7872(Lnet/minecraft/class_1937;Lnet/minecraft/class_1657;Lnet/minecraft/class_3959$class_242;)Lnet/minecraft/class_3965;"
    },
    "com/qouteall/imm_ptl_peripheral/mixin/common/altius_world/MixinSpawnHelper": {
      "Lnet/minecraft/world/chunk/WorldChunk;sampleHeightmap(Lnet/minecraft/world/Heightmap$Type;II)I": "Lnet/minecraft/class_2818;method_12005(Lnet/minecraft/class_2902$class_2903;II)I",
      "getSpawnPos": "Lnet/minecraft/class_1948;method_8657(Lnet/minecraft/class_1937;Lnet/minecraft/class_2818;)Lnet/minecraft/class_2338;"
    },
    "com/qouteall/imm_ptl_peripheral/mixin/client/altius_world/MixinCreateWorldScreen": {
      "<init>(Lnet/minecraft/client/gui/screen/Screen;Lnet/minecraft/resource/DataPackSettings;Lnet/minecraft/client/gui/screen/world/MoreOptionsDialog;)V": "Lnet/minecraft/class_525;<init>(Lnet/minecraft/class_437;Lnet/minecraft/class_5359;Lnet/minecraft/class_5292;)V",
      "Lnet/minecraft/client/gui/screen/world/CreateWorldScreen;init()V": "Lnet/minecraft/class_525;method_25426()V",
      "Lnet/minecraft/client/gui/screen/world/CreateWorldScreen;setMoreOptionsOpen(Z)V": "Lnet/minecraft/class_525;method_2710(Z)V",
      "createLevel": "Lnet/minecraft/class_525;method_2736()V",
      "Lnet/minecraft/client/MinecraftClient;method_29607(Ljava/lang/String;Lnet/minecraft/world/level/LevelInfo;Lnet/minecraft/util/registry/DynamicRegistryManager$Impl;Lnet/minecraft/world/gen/GeneratorOptions;)V": "Lnet/minecraft/class_310;method_29607(Ljava/lang/String;Lnet/minecraft/class_1940;Lnet/minecraft/class_5455$class_5457;Lnet/minecraft/class_5285;)V"
    },
    "com/qouteall/imm_ptl_peripheral/mixin/client/MixinBossBarHud": {
      "shouldThickenFog": "Lnet/minecraft/class_337;method_1800()Z"
    },
    "com/qouteall/imm_ptl_peripheral/mixin/common/altius_world/MixinLevelInfo": {
      "fromDynamic": "Lnet/minecraft/class_1940;method_28383(Lcom/mojang/serialization/Dynamic;Lnet/minecraft/class_5359;)Lnet/minecraft/class_1940;"
    },
    "com/qouteall/imm_ptl_peripheral/mixin/common/portal_generation/MixinAbstractFireBlock": {
      "method_30033": "Lnet/minecraft/class_4770;method_30033(Lnet/minecraft/class_1937;Lnet/minecraft/class_2338;Lnet/minecraft/class_2350;)Z",
      "Lnet/minecraft/world/dimension/AreaHelper;method_30485(Lnet/minecraft/world/WorldAccess;Lnet/minecraft/util/math/BlockPos;Lnet/minecraft/util/math/Direction$Axis;)Ljava/util/Optional;": "Lnet/minecraft/class_2424;method_30485(Lnet/minecraft/class_1936;Lnet/minecraft/class_2338;Lnet/minecraft/class_2350$class_2351;)Ljava/util/Optional;",
      "onBlockAdded": "Lnet/minecraft/class_4770;method_9615(Lnet/minecraft/class_2680;Lnet/minecraft/class_1937;Lnet/minecraft/class_2338;Lnet/minecraft/class_2680;Z)V"
    },
    "com/qouteall/imm_ptl_peripheral/mixin/common/altius_world/MixinLevelProperties": {
      "readProperties": "Lnet/minecraft/class_31;method_29029(Lcom/mojang/serialization/Dynamic;Lcom/mojang/datafixers/DataFixer;ILnet/minecraft/class_2487;Lnet/minecraft/class_1940;Lnet/minecraft/class_5315;Lnet/minecraft/class_5285;Lcom/mojang/serialization/Lifecycle;)Lnet/minecraft/class_31;"
    },
    "com/qouteall/imm_ptl_peripheral/mixin/common/alternate_dimension/MixinAvoidSunlightGoal": {
      "stop": "Lnet/minecraft/class_1384;method_6270()V"
    },
    "com/qouteall/imm_ptl_peripheral/mixin/common/portal_generation/MixinEnderEyeItem": {
      "useOnBlock": "Lnet/minecraft/class_1777;method_7884(Lnet/minecraft/class_1838;)Lnet/minecraft/class_1269;"
    },
    "com/qouteall/imm_ptl_peripheral/mixin/client/alternate_dimension/MixinBackgroundRenderer_A": {
      "Lnet/minecraft/client/render/Camera;getPos()Lnet/minecraft/util/math/Vec3d;": "Lnet/minecraft/class_4184;method_19326()Lnet/minecraft/class_243;",
      "render": "Lnet/minecraft/class_758;method_3210(Lnet/minecraft/class_4184;FLnet/minecraft/class_638;IF)V"
    },
    "com/qouteall/imm_ptl_peripheral/mixin/client/alternate_dimension/MixinClientWorldProperties": {
      "getSkyDarknessHeight": "Lnet/minecraft/class_638$class_5271;method_28105()D"
    },
    "com/qouteall/imm_ptl_peripheral/mixin/common/altius_world/MixinChunkStatus": {
      "Lnet/minecraft/world/gen/chunk/ChunkGenerator;buildSurface(Lnet/minecraft/world/ChunkRegion;Lnet/minecraft/world/chunk/Chunk;)V": "Lnet/minecraft/class_2794;method_12110(Lnet/minecraft/class_3233;Lnet/minecraft/class_2791;)V"
    }
  },
  "data": {
    "named:intermediary": {
      "com/qouteall/imm_ptl_peripheral/mixin/common/portal_generation/MixinFlintAndSteelItem": {
        "useOnBlock": "Lnet/minecraft/class_1786;method_7884(Lnet/minecraft/class_1838;)Lnet/minecraft/class_1269;"
      },
      "com/qouteall/imm_ptl_peripheral/mixin/common/alternate_dimension/MixinDimensionType": {
        "addRegistryDefaults": "Lnet/minecraft/class_2874;method_28523(Lnet/minecraft/class_5455$class_5457;)Lnet/minecraft/class_5455$class_5457;",
        "<init>": "<init>"
      },
      "com/qouteall/hiding_in_the_bushes/mixin/block_manipulation/MixinItem": {
        "raycast": "Lnet/minecraft/class_1792;method_7872(Lnet/minecraft/class_1937;Lnet/minecraft/class_1657;Lnet/minecraft/class_3959$class_242;)Lnet/minecraft/class_3965;"
      },
      "com/qouteall/imm_ptl_peripheral/mixin/common/altius_world/MixinSpawnHelper": {
        "Lnet/minecraft/world/chunk/WorldChunk;sampleHeightmap(Lnet/minecraft/world/Heightmap$Type;II)I": "Lnet/minecraft/class_2818;method_12005(Lnet/minecraft/class_2902$class_2903;II)I",
        "getSpawnPos": "Lnet/minecraft/class_1948;method_8657(Lnet/minecraft/class_1937;Lnet/minecraft/class_2818;)Lnet/minecraft/class_2338;"
      },
      "com/qouteall/imm_ptl_peripheral/mixin/client/altius_world/MixinCreateWorldScreen": {
        "<init>(Lnet/minecraft/client/gui/screen/Screen;Lnet/minecraft/resource/DataPackSettings;Lnet/minecraft/client/gui/screen/world/MoreOptionsDialog;)V": "Lnet/minecraft/class_525;<init>(Lnet/minecraft/class_437;Lnet/minecraft/class_5359;Lnet/minecraft/class_5292;)V",
        "Lnet/minecraft/client/gui/screen/world/CreateWorldScreen;init()V": "Lnet/minecraft/class_525;method_25426()V",
        "Lnet/minecraft/client/gui/screen/world/CreateWorldScreen;setMoreOptionsOpen(Z)V": "Lnet/minecraft/class_525;method_2710(Z)V",
        "createLevel": "Lnet/minecraft/class_525;method_2736()V",
        "Lnet/minecraft/client/MinecraftClient;method_29607(Ljava/lang/String;Lnet/minecraft/world/level/LevelInfo;Lnet/minecraft/util/registry/DynamicRegistryManager$Impl;Lnet/minecraft/world/gen/GeneratorOptions;)V": "Lnet/minecraft/class_310;method_29607(Ljava/lang/String;Lnet/minecraft/class_1940;Lnet/minecraft/class_5455$class_5457;Lnet/minecraft/class_5285;)V"
      },
      "com/qouteall/imm_ptl_peripheral/mixin/client/MixinBossBarHud": {
        "shouldThickenFog": "Lnet/minecraft/class_337;method_1800()Z"
      },
      "com/qouteall/imm_ptl_peripheral/mixin/common/altius_world/MixinLevelInfo": {
        "fromDynamic": "Lnet/minecraft/class_1940;method_28383(Lcom/mojang/serialization/Dynamic;Lnet/minecraft/class_5359;)Lnet/minecraft/class_1940;"
      },
      "com/qouteall/imm_ptl_peripheral/mixin/common/portal_generation/MixinAbstractFireBlock": {
        "method_30033": "Lnet/minecraft/class_4770;method_30033(Lnet/minecraft/class_1937;Lnet/minecraft/class_2338;Lnet/minecraft/class_2350;)Z",
        "Lnet/minecraft/world/dimension/AreaHelper;method_30485(Lnet/minecraft/world/WorldAccess;Lnet/minecraft/util/math/BlockPos;Lnet/minecraft/util/math/Direction$Axis;)Ljava/util/Optional;": "Lnet/minecraft/class_2424;method_30485(Lnet/minecraft/class_1936;Lnet/minecraft/class_2338;Lnet/minecraft/class_2350$class_2351;)Ljava/util/Optional;",
        "onBlockAdded": "Lnet/minecraft/class_4770;method_9615(Lnet/minecraft/class_2680;Lnet/minecraft/class_1937;Lnet/minecraft/class_2338;Lnet/minecraft/class_2680;Z)V"
      },
      "com/qouteall/imm_ptl_peripheral/mixin/common/altius_world/MixinLevelProperties": {
        "readProperties": "Lnet/minecraft/class_31;method_29029(Lcom/mojang/serialization/Dynamic;Lcom/mojang/datafixers/DataFixer;ILnet/minecraft/class_2487;Lnet/minecraft/class_1940;Lnet/minecraft/class_5315;Lnet/minecraft/class_5285;Lcom/mojang/serialization/Lifecycle;)Lnet/minecraft/class_31;"
      },
      "com/qouteall/imm_ptl_peripheral/mixin/common/alternate_dimension/MixinAvoidSunlightGoal": {
        "stop": "Lnet/minecraft/class_1384;method_6270()V"
      },
      "com/qouteall/imm_ptl_peripheral/mixin/common/portal_generation/MixinEnderEyeItem": {
        "useOnBlock": "Lnet/minecraft/class_1777;method_7884(Lnet/minecraft/class_1838;)Lnet/minecraft/class_1269;"
      },
      "com/qouteall/imm_ptl_peripheral/mixin/client/alternate_dimension/MixinBackgroundRenderer_A": {
        "Lnet/minecraft/client/render/Camera;getPos()Lnet/minecraft/util/math/Vec3d;": "Lnet/minecraft/class_4184;method_19326()Lnet/minecraft/class_243;",
        "render": "Lnet/minecraft/class_758;method_3210(Lnet/minecraft/class_4184;FLnet/minecraft/class_638;IF)V"
      },
      "com/qouteall/imm_ptl_peripheral/mixin/client/alternate_dimension/MixinClientWorldProperties": {
        "getSkyDarknessHeight": "Lnet/minecraft/class_638$class_5271;method_28105()D"
      },
      "com/qouteall/imm_ptl_peripheral/mixin/common/altius_world/MixinChunkStatus": {
        "Lnet/minecraft/world/gen/chunk/ChunkGenerator;buildSurface(Lnet/minecraft/world/ChunkRegion;Lnet/minecraft/world/chunk/Chunk;)V": "Lnet/minecraft/class_2794;method_12110(Lnet/minecraft/class_3233;Lnet/minecraft/class_2791;)V"
      }
    }
  }
}